{
    "varying_dims": [
        1,
        2
    ],
    "fixed_vals": [
        0.36306314709538756,
        0.6037885013668385,
        0.6690551883512251,
        0.6018894257275309
    ],
    "x1_range": [
        0,
        1,
        5
    ],
    "Z_max": 0.5262737097306054,
    "t_fixed": 0.1,
    "Z_shape": [
        5,
        5
    ],
    "x2_range": [
        0,
        1,
        5
    ],
    "Z_min": 0.005903064941171531,
    "fixed_dims": [
        3,
        4,
        5,
        6
    ],
    "d": 6
}