{
    "varying_dims": [
        1,
        2
    ],
    "fixed_vals": [
        0.5,
        1.2,
        -0.3
    ],
    "x1_range": [
        -3.141592653589793,
        3.141592653589793,
        100.0
    ],
    "Z_max": 0.5896092577164437,
    "t_fixed": 1,
    "Z_shape": [
        100,
        100
    ],
    "x2_range": [
        -3.141592653589793,
        3.141592653589793,
        100.0
    ],
    "Z_min": -0.8815600352356107,
    "fixed_dims": [
        3,
        4,
        5
    ],
    "d": 5
}