{
    "alpha": 0.01,
    "a": [
        1.4967683553695679,
        2.9253432750701904,
        8.87939167022705,
        3.4970104694366455
    ]
}